{"XPINNs": [{"Internal points": [[0.5, 0.5, 6.342741864975441], [0.7, 0.6, 3.468210861550821], [0.8, 0.9, 1.733151311024712]], "Boundary points": [[0, 0, 5.452269869495893], [1, 0, 9.174747722751539], [0.5, 0, 4.016298403190542]]}, {"Internal points": [[0.5, 1.5, 1.7033310330683915], [0.7, 1.6, 0.5215461558532319], [0.8, 1.9, 1.328728013191155]], "Boundary points": [[1, 2, 1.2739320334648963], [1.5, 2, 2.9309486187827485], [0.5, 2, 9.579505803970553]]}], "Interfaces": [{"XPINNs": [0, 1], "Points": [[1, 1, 7.6130480763755966], [0.2, 1, 1.5678951644473793], [1.5, 1, 7.33756465088485]]}]}