{"XPINNs": [{"Internal points": [[0.5, 0.5, 2.1799197118159626], [0.7, 0.6, 1.872591404573702], [0.8, 0.9, 0.04781526378821899]], 
"Boundary points": [[0, 0, 1.7262646665989922], [1, 0, 3.8469655173081896], [0.5, 0, 2.1487297681580078]]},
 {"Internal points": [[0.5, 1.5, 0.49571082442505576], [0.7, 1.6, 0.4871699176174493], [0.8, 1.9, 1.1092964304177888]], 
 "Boundary points": [[1, 2, 2.9937722144354897], [1.5, 2, 3.6528525728932024], [0.5, 2, 3.364862690758205]]}], 
 "Interfaces": [{"XPINNs": [0, 1], "Points": [[1, 1, 1.4109702139684177], [0.2, 1, 0.7165914776644117], [1.5, 1, 4.600243177390456]]}]}