{"XPINNs": [{"Internal points": [[0.5, 0.5, 6.49115817472195], [0.7, 0.6, 3.829131050737209], [0.8, 0.9, 3.8299286768480334]], "Boundary points": [[0, 0, 9.443215016788507], [1, 0, 5.937525482215262], [0.5, 0, 3.466485115215796]]}, {"Internal points": [[0.5, 1.5, 2.6926957053332545], [0.7, 1.6, 2.7101876923256176], [0.8, 1.9, 9.48477154913545]], "Boundary points": [[1, 2, 5.052178380804291], [1.5, 2, 8.521985935829722], [0.5, 2, 7.552639284836515]]}], "Interfaces": [{"XPINNs": [0, 1], "Points": [[1, 1, 6.104088066097082], [0.2, 1, 3.6507021165275133], [1.5, 1, 9.004999117097718]]}]}