{"XPINNs": [{"Internal points": [[0.5, 0.5, 3.559951413656629], [0.7, 0.6, 7.623898853941592], [0.8, 0.9, 8.427534915677876]], "Boundary points": [[0, 0, 9.968987804025996], [1, 0, 3.3959753297849504], [0.5, 0, 9.620698960144345]]}, {"Internal points": [[0.5, 1.5, 0.5613337405616925], [0.7, 1.6, 5.450989384614707], [0.8, 1.9, 8.4599326863006]], "Boundary points": [[1, 2, 2.1217765882520014], [1.5, 2, 1.7825212224333908], [0.5, 2, 2.6593158667479733]]}], "Interfaces": [{"XPINNs": [0, 1], "Points": [[1, 1, 1.871943578018792], [0.2, 1, 0.5737274413259119], [1.5, 1, 3.6028709057085138]]}]}