{"XPINNs": [{"Internal points": [[0.5, 0.5, 7.8477044849951705], [0.7, 0.6, 15.668697885434035], [0.8, 0.9, 7.575826006679102]], "Boundary points": [[0, 0, 3.105237618202299], [1, 0, 8.034672042346248], [0.5, 0, 18.806558240307222]]}, {"Internal points": [[0.5, 1.5, 16.068442698574177], [0.7, 1.6, 4.303270041959954], [0.8, 1.9, 12.07787154391208]], "Boundary points": [[1, 2, 11.70859192797203], [1.5, 2, 15.24055325513326], [0.5, 2, 4.318793879390422]]}], "Interfaces": [{"XPINNs": [0, 1], "Points": [[1, 1, 1.9726781929214168], [0.2, 1, 17.379993193056134], [1.5, 1, 11.193985713994572]]}]}