{"XPINNs": [{"Internal points": [[0.5, 0.5, 0.1510090533356795], [0.7, 0.6, 3.2700366500425355], [0.8, 0.9, 1.8829003930624566]], "Boundary points": [[0, 0, 1.0243859738812922], [1, 0, 3.6933527485926074], [0.5, 0, 4.743787524229265]]}, {"Internal points": [[0.5, 1.5, 1.1488776975053523], [0.7, 1.6, 2.969967209197634], [0.8, 1.9, 3.021629556116459]], "Boundary points": [[1, 2, 0.7921934099544536], [1.5, 2, 1.0649199676129184], [0.5, 2, 1.201162701773404]]}], "Interfaces": [{"XPINNs": [0, 1], "Points": [[1, 1, 1.008311696490975], [0.2, 1, 2.258154172316655], [1.5, 1, 4.741167263372525]]}]}