{"XPINNs": [{"Internal points": [[0.5, 0.5, 3.4317265531630903], [0.7, 0.6, 5.18261977026998], [0.8, 0.9, 9.979865462270965]], "Boundary points": [[0, 0, 0.026131685331693966], [1, 0, 1.7590668296009626], [0.5, 0, 9.491371979857293]]}, {"Internal points": [[0.5, 1.5, 7.041274023787185], [0.7, 1.6, 0.09479040465441457], [0.8, 1.9, 2.6144662017630282]], "Boundary points": [[1, 2, 6.823546645928761], [1.5, 2, 6.992018075770368], [0.5, 2, 9.209875454983282]]}], "Interfaces": [{"XPINNs": [0, 1], "Points": [[1, 1, 5.602186106952569], [0.2, 1, 7.1186168304718], [1.5, 1, 5.149003922545714]]}]}